{
  "Routes": [
    {
      "DownstreamPathTemplate": "/swagger/index.html",
      "DownstreamScheme": "http",
      "DownstreamHostAndPorts": [
        { "Host": "bookservice", "Port": 80 }
      ],
      "UpstreamPathTemplate": "/booking/swagger/index.html",
      "UpstreamHttpMethod": [ "GET" ]
    },
    {
      "DownstreamPathTemplate": "/swagger/v1/swagger.json",
      "DownstreamScheme": "http",
      "DownstreamHostAndPorts": [
        { "Host": "bookservice", "Port": 80 }
      ],
      "UpstreamPathTemplate": "/booking/swagger/v1/swagger.json",
      "UpstreamHttpMethod": [ "GET" ]
    },
    {
      "DownstreamPathTemplate": "/api/booking",
      "DownstreamScheme": "http",
      "DownstreamHostAndPorts": [
        { "Host": "bookservice", "Port": 80 }
      ],
      "UpstreamPathTemplate": "/booking",
      "UpstreamHttpMethod": [ "GET", "POST" ]
    },
    {
      "DownstreamPathTemplate": "/api/booking/{id}",
      "DownstreamScheme": "http",
      "DownstreamHostAndPorts": [
        { "Host": "bookservice", "Port": 80 }
      ],
      "UpstreamPathTemplate": "/booking/{id}",
      "UpstreamHttpMethod": [ "GET" ]
    }
  ],
  "GlobalConfiguration": {
    "BaseUrl": "http://localhost:5000"
  }
}
